daypart,orders,gross_sales,discount,tax,net_sales,average_order_value,average_discount
Lunch,15875,11770430.5,914989.6799999775,552897.0800000082,12229472.0,770.36,35.8
Dinner,11623,7042186.5,587526.7499999842,331659.97999999806,7273769.0,625.81,37.55
Breakfast,11043,5627049.5,369790.76999998797,281234.67999999423,5993094.0,542.71,25.11
Snacks,5169,2460717.0,178911.61999999968,118807.68000000107,2584792.0,500.06,31.19
Unknown,166,63171.0,4705.909999999997,3060.84,66121.0,398.32,28.35
Late Night,3,5469.0,0.0,273.46,5969.0,1989.67,0.0
